{
  "01": [
    [300, "Hell", "o", " world! ", 2014]
  ],
  "02": [
    [301, "%s %s %lf 你好", "PI", "is", 3.1415926535]
  ],
  "03": [
    [301, "%s =~ %s =~ %s", [301, "%.10lf", 3.1415926535], [301, "%lf", 3.1415926535], [301, "%.2lf", 3.1415926535]]
  ],
  "04": [
    [301, "%d", 1024]
  ]
}