{
  "01": [
    [200, 0.9, "49.1", 50]
  ],
  "02": [
    [201, "100", 200, -50, [201, 51]]
  ],
  "03": [
    [202, 1, 100, "0.01"]
  ],
  "04": [
    [203, 4000, 4, "5"]
  ],
  "05": [
    [203, 2, 3, 2]
  ],
  "06": [
    [203, 1, 0]
  ],
  "07": [
    [204, 200, 11]
  ],
  "08": [
    [205, 2, 10]
  ],
  "09": [
    [206, 10]
  ],
  "10": [
    [210, 10.4]
  ],
  "11": [
    [210, 9.5]
  ],
  "12": [
    [211, 10.9]
  ],
  "13": [
    [212, 9.1]
  ],
  "14": [
    [207, -123456789.87654321]
  ],
  "15": [
    [207, 123456789.87654321]
  ]
}