{
  "unknown": [
    [404, 1024]
  ],
  "01": [
    [130, "1024"]
  ],
  "02": [
    [130, "1024.512"]
  ],
  "03": [
    [131, 1024.512]
  ],
  "04": [
    [131, 1024],
    [131, [130, "256.64non_number_part"]]
  ],
  "05": [
    [110, "%@ %@ %@", "PI", "is", 3.1415926535]
  ],
  "06": [
    [110, "%@ =~ %@ =~ %@", [133, "%11.10f", 3.1415926535], [133, "%f", "3.1415926535"], [133, "%3.2f", 3.1415926535]]
  ],
  "07": [
    [132, "%d", 1024]
  ]
}