{
  "01": [
    [300, "Hell", "o", " world! ", 2014]
  ],
  "02": [
    [301, "%s %s %lf 你好", "PI", "is", 3.1415926535]
  ],
  "03": [
    [301, "%s =~ %s =~ %s", [301, "%.10lf", 3.1415926535], [301, "%lf", 3.1415926535], [301, "%.2lf", 3.1415926535]]
  ],
  "04": [
    [301, "format with no arguments"]
  ],
  "05": [
    [301, "%d", 1024]
  ],
  "06": [
    [302, "Hello world! 你好世界！"]
  ],
  "07": [
    [303, "Hello world! 你好世界！", "world"]
  ],
  "08": [
    [303, "Hello world! 你好世界！", "你好"]
  ],
  "09": [
    [303, "Hello world! 你好世界！", "404"]
  ],
  "10": [
    [304, "Hello world! 你好世界！", 0, 5]
  ],
  "11": [
    [305, [300, "Hello", " world! 你好世界！"]]
  ]
}